<?xml version="1.0" encoding="UTF-8" ?>

<addon id="repository.keesv" version="1.0.0" name="KeesV's XBMC Addons" provider-name="KeesV" >
	<requires>
	</requires>
	<extension point="xbmc.addon.repository" name="KeesV's XBMC Addons">
		<info compressed="false">https://raw.github.com/KeesV/xbmc-repo/master/addons.xml</info>
    		<checksum>https://raw.github.com/KeesV/xbmc-repo/master/addons.xml.md5</checksum>
    		<datadir zip="true">https://raw.github.com/KeesV/xbmc-repo/master/</datadir>
	</extension>
	<extension point="xbmc.addon.metadata">
		<summary>KeesV's Addons</summary>
		<description>Download and install add ons by KeesV</description>
		<platform>all</platform>
	</extension>
</addon>